vendor_name,official_website
聯享寵物貿易有限公司,http://www.trymore.com.tw
艾澌克企業股份有限公司,https://shop.tapazo.pet/
王品寵物用品有限公司,http://www.wangping.com.tw
聯合東方國際股份有限公司,https://www.unipet.com.tw/
古迪寵物食品有限公司,https://www.sofydog.com/tw/SofyDOG/
博東客企業有限公司,https://www.partakerpetsworld.com
台灣皇家寵物食品有限公司,https://www.royalcanin.com.tw
台灣希爾思寵物營養品有限公司,https://www.hills.com.tw/
黃金巴頓寵支貿易有限公司,http://gpas-petfood.com
韋民企業股份有限公司,http://www.appreciatecorp.com
巧兒宜國際股份有限公司,https://tavopets.com/tw
豪翼行銷有限公司,https://hansiangpets.com.tw/
瀚翔寵物有限公司,https://hansiangpets.com.tw/
仁和生物科技股份有限公司,https://www.moreson.com.tw/moreson/
雍立貿易股份有限公司,http://www.propurepet.com/
盛貿寵物股份有限公司,http://www.halopets.com.tw
騰勢股份有限公司,https://www.petstimes.com.tw/
柏希菲克股份有限公司,https://monge.com.tw/
珍食堡實業股份有限公司,https://www.jasperpet.com
水魔素股份有限公司,https://www.watermagic.cc
阿寶國際有限公司,https://www.abaopet.com.tw/
三怡水族寵物用品有限公司,http://www.champ-e.com.tw
逸寶國際股份有限公司,https://www.tripetonlineshop.com.tw/
台灣寵物用品有限公司,http://www.twnpet.com
唯寵股份有限公司,https://www.nu4pet.com/Shop
嬌寵誓優股份有限公司,https://www.proudpet.net/
悠遊國際實業股份有限公司,https://www.tnayoyochic.com/
沛緹雅股份有限公司,http://www.petiia.com
萬達寵物事業股份有限公司,http://www.wonderpet.asia/
聯誠寵物有限公司,http://www.petzoo.com.tw
台灣松剛企業有限公司(瑪丁實業有限公司),https://www.pronature-shop.com.tw
自力耕生股份有限公司,http://www.dogcatstar.com
優利冠企業有限公司,https://www.fikago.com/
毛寧有限公司,http://www.mao-ning.com
宜輝企業有限公司,https://www.eachfly.com.tw/
莫奧數位股份有限公司,https://shop.maoup.com.tw
愛貓一生實業股份有限公司,https://catinlove.com/
寶榮開發企業股份有限公司,http://www.prograndpet.com
日商稻葉寵物食品股份有限公司,https://www.inaba-petfood.co.jp/tw/
金富錸國際寵物有限公司,https://www.pawpawland.com.tw/
台灣多格漫商貿股份有限公司,http://www.doggyman.com.tw
東盈實業股份有限公司,http://www.tungying.com.tw
麥可貿易有限公司,http://www.underworld.com.tw
奧也股份有限公司,https://www.ovepet.shop
沅慶企業有限公司,https://www.yen-foen.com.tw/
竣百有限公司,https://www.junbai.com.tw/
飛輪寵物有限公司,https://heromamapet.com/
瀚揚國際企業有限公司,https://www.hanyard.com.tw
艾穎實業有限公司,https://www.odout.com/
貓狗甜心數位科技有限公司,https://www.catdogsweet.com/
食寵町國際企業有限公司,https://www.slcpf.com.tw/
星品國際實業股份有限公司,https://www.jollypet.com.tw/
鎧帛實業有限公司,https://www.kaibo.com.tw/
品皇貿易股份有限公司,http://www.pinhwan.com.tw
加拿大野性魅力有限公司,https://zh.charmpetfood.com/
阿毛有限公司,http://www.amongforpets.com
沛德奧股份有限公司,http://www.petstro.com
原合股份有限公司,http://www.natural10.com.tw
博恩能國際生醫股份有限公司,https://shop.psbubu-pet.com/
逆風飛翔股份有限公司,https://www.meow-servant.com/
怪獸製造有限公司,https://litomon.com/
寵愛有家股份有限公司,https://www.doggywants.com.tw/
鈺揚國際實業有限公司,https://www.nanowave.com.tw/
昱碩國際事業股份有限公司,http://www.youso.com.tw
育晉興業股份有限公司,https://capuccipet.com/
螢火蟲原創有限公司,https://www.joyfood.com.tw/
緯豪實業股份有限公司,http://www.ezydog.com.tw
盈寶寵物股份有限公司,http://www.bluebaypetfood.com
台灣愛邦仕實業股份有限公司,https://www.abones.com.tw/
宇時聚金有限公司,https://www.blueberrytw.com/
透思國際有限公司,https://www.mao-select.com.tw/mao/
"THAI TRADE OFFICE, TAIPEI",https://www.thaitrade.com/home
社團法人臺南市徐園長護生協會,https://hapatc.org.tw/
勤翔國際股份有限公司,http://natureslogic.com.tw
耀月企業股份有限公司,http://www.brimoon.com
木口木有限公司,https://tierlieb.com.tw/
毛怪樂園國際貿易有限公司,https://www.beastparadise.net/
攝狗狗工作室,https://www.facebook.com/shotdogs/
翼比股份有限公司,https://www.ibiyaya.com.tw/
傑揚有限公司,https://www.jpw-pet.com/
東翔實業股份有限公司,http://www.unitedalbatriss.com
志飛企業有限公司,http://www.munmunpet.com.tw/
財欣國際股份有限公司,https://www.petpanny.com.tw
白貝殼廣告影像有限公司,https://www.bunnyplanet.com.tw
鎧文企業有限公司,https://www.wanmiaopetfood.com.tw/
威杰爾貿易有限公司,https://shopee.tw/li500225
竣和國際股份有限公司,https://tw.petique.com
冠閎實業有限公司,https://www.kuanhung.tw/
寵兒商貿有限公司,https://petpamper.com.tw/
飛起來行銷股份有限公司,https://www.furkidsstandup.com.tw
勤達實業有限公司,https://www.maoonepet.com.tw/
璽玥生醫有限公司,https://jadeverpet.com/
寶研生技有限公司,https://www.munchee.com.tw/
台灣瑪氏股份有限公司,https://twn.mars.com/
金閤股份有限公司,https://jinhe.cyberbiz.co
應億企業有限公司,http://www.acepet.com.tw
逗奇國際有限公司,https://www.airbuggy.com.tw
培菓科技行銷有限公司,http://www.petco888.com/
冠宸國際有限公司,https://northpaw.liteshop.tw/
福壽實業股份有限公司,https://www.fwusow.com.tw/
豐奕達實業有限公司,https://shopee.tw/chogong
社團法人台灣狗腳印幸福聯盟,https://tpds.eoffering.org.tw/
台灣信元寵物食品股份有限公司,https://shop.singen.com.tw/
澳新美有限公司,http://anzustw.com
鐵漢工坊,https://www.facebook.com/%E9%90%B5%E6%BC%A2%E5%B7%A5%E5%9D%8A-239136870001001/
宬泰有限公司,http://pet1.com.tw/
威饌股份有限公司,https://www.joinjoinclub.com/
毛與家股份有限公司,https://www.homihomy.com.tw/
南宏工藝有限公司,http://www.nanhon.com.tw/
塔伯數位行銷股份有限公司,https://www.toponetw.com/
鴻均商行,https://www.catwant.com/
高翊紙器有限公司,https://www.cococatshop.com/
茂捷有限公司,https://mjpets.com.tw/
喵予咪股份有限公司,https://www.popocat.com.tw/
摩米有限公司,http://www.momihay.com
奕騏有限公司,https://www.petwant.com/
